,Show Number,Corps,Date,Location,Performance Slot,General Effect 1,General Effect 2,General Effect Total,Visual Proficiency,Visual Analysis,Color Guard,Visual Total,Music Brass,Music Analysis,Music Percussion,Music Total,Sub Total,Penalty,Total Score,Days from Season Start,Total Score Residual
0,1,Boston Crusaders,2024-06-26,"Rockford, Michigan",5,15.4,14.4,29.8,14.5,14.3,14.5,21.65,14.3,14.7,14.1,21.55,73.0,0.0,73.0,0,8.680718956092775
1,1,Phantom Regiment,2024-06-26,"Rockford, Michigan",2,14.8,14.2,29.0,14.0,13.6,13.6,20.6,13.8,14.2,13.1,20.55,70.15,0.0,70.15,0,5.830718956092781
2,1,The Cavaliers,2024-06-26,"Rockford, Michigan",4,13.7,13.9,27.6,13.8,13.3,12.9,20.0,13.4,14.1,13.8,20.65,68.25,0.0,68.25,0,3.9307189560927753
3,1,Blue Stars,2024-06-26,"Rockford, Michigan",1,14.1,13.3,27.4,13.3,12.8,13.4,19.75,12.9,13.6,12.5,19.5,66.65,0.0,66.65,0,2.330718956092781
4,1,Colts,2024-06-26,"Rockford, Michigan",3,13.8,13.0,26.8,13.4,12.6,12.8,19.4,12.7,13.3,12.4,19.2,65.4,0.0,65.4,0,1.080718956092781
5,2,Carolina Crown,2024-06-28,"Muncie, Indiana",6,14.9,15.4,30.3,15.2,15.0,14.6,22.4,15.1,15.1,14.2,22.2,74.9,0.0,74.9,2,9.342415361735618
6,2,Boston Crusaders,2024-06-28,"Muncie, Indiana",5,15.0,15.0,30.0,14.7,15.2,14.9,22.4,14.8,14.8,15.0,22.3,74.7,0.0,74.7,2,9.142415361735615
7,2,Phantom Regiment,2024-06-28,"Muncie, Indiana",3,14.5,14.7,29.2,14.5,14.2,13.8,21.25,14.4,14.7,14.3,21.7,72.15,0.0,72.15,2,6.592415361735618
8,2,The Cavaliers,2024-06-28,"Muncie, Indiana",2,13.7,14.1,27.8,14.0,13.4,13.1,20.25,13.7,14.3,14.1,21.05,69.1,0.0,69.1,2,3.542415361735607
9,2,Blue Stars,2024-06-28,"Muncie, Indiana",1,13.4,13.8,27.2,13.2,13.3,13.5,20.0,13.3,13.8,12.9,20.0,67.2,0.0,67.2,2,1.6424153617356154
10,2,Colts,2024-06-28,"Muncie, Indiana",4,13.5,13.6,27.1,13.4,13.0,12.9,19.65,13.4,13.6,13.7,20.35,67.1,0.0,67.1,2,1.542415361735607
11,3,Blue Devils,2024-06-28,"Walnut, California",3,15.5,15.5,31.0,15.1,15.2,15.2,22.75,15.1,15.2,15.4,22.85,76.6,0.0,76.6,2,11.042415361735607
12,3,Santa Clara Vanguard,2024-06-28,"Walnut, California",1,14.4,15.0,29.4,14.5,14.2,14.1,21.4,14.6,13.8,15.3,21.85,72.65,0.0,72.65,2,7.092415361735618
13,3,Mandarins,2024-06-28,"Walnut, California",2,14.8,14.5,29.3,14.1,14.4,14.4,21.45,14.2,13.4,14.2,20.9,71.65,0.0,71.65,2,6.092415361735618
14,3,Pacific Crest,2024-06-28,"Walnut, California",4,13.0,13.0,26.0,12.4,12.5,12.8,18.85,12.7,12.7,13.5,19.45,64.3,0.0,64.3,2,-1.2575846382643903
15,3,Blue Devils B,2024-06-28,"Walnut, California",3,12.4,12.3,24.7,12.2,12.8,11.8,18.4,12.4,12.5,12.8,18.85,61.95,0.0,61.95,2,-3.6075846382643846
16,3,Gold,2024-06-28,"Walnut, California",4,12.1,11.8,23.9,11.4,11.1,11.4,16.95,11.9,12.2,12.2,18.15,59.0,0.0,59.0,2,-6.557584638264387
17,3,Impulse,2024-06-28,"Walnut, California",2,11.0,10.5,21.5,10.2,9.8,10.7,15.35,10.3,9.8,10.2,15.15,52.0,0.0,52.0,2,-13.557584638264387
18,3,Vessel,2024-06-28,"Walnut, California",1,10.3,9.9,20.2,9.7,9.5,9.5,14.35,9.7,9.4,11.5,15.3,49.85,0.0,49.85,2,-15.707584638264386
19,3,Blue Devils C,2024-06-28,"Walnut, California",5,10.0,9.6,19.6,9.0,8.6,9.3,13.45,9.1,8.8,9.4,13.65,46.7,0.0,46.7,2,-18.857584638264385
20,4,Blue Stars,2024-06-29,"Madison, Wisconsin",1,13.8,13.4,27.2,13.8,1.3,13.7,20.4,13.7,13.7,13.4,20.4,68.0,0.0,68.0,3,1.8232635645570383
21,4,Colts,2024-06-29,"Madison, Wisconsin",2,13.5,13.6,27.1,13.5,13.4,13.5,20.2,13.8,13.1,13.7,20.3,67.6,0.0,67.6,3,1.4232635645570326
22,4,Madison Scouts,2024-06-29,"Madison, Wisconsin",3,13.2,13.8,27.0,13.3,12.8,12.8,19.45,13.0,12.6,13.2,19.4,65.85,0.0,65.85,3,-0.3267364354429674
23,4,Colt Cadets,2024-06-29,"Madison, Wisconsin",1,10.5,11.0,21.5,11.6,10.9,10.6,16.55,11.3,10.9,11.6,16.9,54.95,0.0,54.95,3,-11.226736435442959
24,4,Govenaires,2024-06-29,"Madison, Wisconsin",1,13.5,13.2,26.7,13.3,13.1,13.2,19.8,13.0,13.0,13.0,19.5,66.0,0.0,66.0,3,-0.1767364354429617
25,5,Spartans,2024-06-29,"Shelton, Connecticut",2,12.6,12.5,25.1,10.1,13.2,11.8,17.55,10.4,12.8,12.3,17.75,60.4,0.0,60.4,3,-5.776736435442963
26,5,7th Regiment,2024-06-29,"Shelton, Connecticut",1,11.1,11.2,22.3,8.8,12.4,10.9,16.05,8.9,11.1,10.0,15.0,53.35,0.0,53.35,3,-12.82673643544296
27,5,Reading Buccaneers,2024-06-29,"Shelton, Connecticut",3,15.5,15.5,31.0,15.5,14.1,14.9,22.25,15.7,16.2,15.5,23.7,76.95,0.0,76.95,3,10.773263564557041
28,5,Bushwackers Drum Corps,2024-06-29,"Shelton, Connecticut",1,14.8,14.7,29.5,15.1,13.8,14.6,21.75,15.3,15.5,15.6,23.2,74.45,0.0,74.45,3,8.273263564557041
29,5,Hawthorne Caballeros,2024-06-29,"Shelton, Connecticut",2,15.2,15.1,30.3,14.7,13.6,14.3,21.3,14.9,15.8,14.7,22.7,74.3,0.0,74.3,3,8.123263564557035
30,5,Hurricanes,2024-06-29,"Shelton, Connecticut",4,13.7,14.0,27.7,13.1,13.0,13.7,19.9,13.0,14.5,13.5,20.5,68.1,0.0,68.1,3,1.9232635645570326
31,5,Fusion Core,2024-06-29,"Shelton, Connecticut",1,13.0,13.4,26.4,13.4,12.8,13.4,19.8,13.5,13.3,13.4,20.1,66.3,0.0,66.3,3,0.12326356455703547
32,5,Sunrisers,2024-06-29,"Shelton, Connecticut",1,13.3,12.7,26.0,12.8,12.7,12.9,19.2,12.5,13.1,12.4,19.0,64.2,0.0,64.2,3,-1.9767364354429589
33,6,Blue Devils,2024-06-29,"Walnut, California",4,15.4,15.7,31.1,15.4,15.3,15.3,23.0,15.3,15.3,15.4,23.0,77.1,0.0,77.1,3,10.923263564557033
34,6,Santa Clara Vanguard,2024-06-29,"Walnut, California",1,14.1,14.2,28.3,14.6,14.7,14.5,21.9,14.4,14.6,15.3,22.15,72.35,0.0,72.35,3,6.173263564557033
35,6,Mandarins,2024-06-29,"Walnut, California",2,14.3,13.7,28.0,14.3,14.9,14.6,21.9,14.6,13.8,14.3,21.35,71.25,0.0,71.25,3,5.073263564557038
36,6,Pacific Crest,2024-06-29,"Walnut, California",3,11.3,12.4,23.7,13.0,13.0,12.7,19.35,12.8,12.8,13.7,19.65,62.7,0.0,62.7,3,-3.476736435442959
37,6,Blue Devils B,2024-06-29,"Walnut, California",4,13.0,12.7,25.7,12.5,12.7,12.3,18.75,12.5,13.0,13.0,19.25,63.7,0.0,63.7,3,-2.476736435442959
38,6,Gold,2024-06-29,"Walnut, California",5,11.0,12.5,23.5,11.8,11.7,11.7,17.6,12.1,12.2,12.4,18.35,59.45,0.0,59.45,3,-6.726736435442959
39,6,Vessel,2024-06-29,"Walnut, California",2,9.4,9.8,19.2,10.0,9.8,10.0,14.9,9.8,10.6,11.4,15.9,50.0,0.0,50.0,3,-16.17673643544296
40,6,Impulse,2024-06-29,"Walnut, California",1,9.2,9.3,18.5,10.3,10.4,10.5,15.6,10.6,9.2,10.3,15.05,49.15,0.0,49.15,3,-17.026736435442963
41,6,Blue Devils C,2024-06-29,"Walnut, California",3,8.9,9.1,18.0,9.4,9.1,9.5,14.0,9.1,9.0,9.5,13.8,45.8,0.0,45.8,3,-20.376736435442965
42,7,Carolina Crown,2024-06-30,"Lisle, Illinois",6,15.9,15.6,31.5,15.6,14.8,15.2,22.8,15.0,15.2,15.4,22.8,77.1,0.0,77.1,4,10.304111767378444
43,7,Boston Crusaders,2024-06-30,"Lisle, Illinois",5,15.6,15.3,30.9,15.4,15.0,15.6,23.0,14.7,15.0,15.7,22.7,76.6,0.0,76.6,4,9.804111767378444
44,7,Phantom Regiment,2024-06-30,"Lisle, Illinois",4,15.0,14.7,29.7,15.0,14.5,14.6,22.05,14.5,14.6,15.0,22.05,73.8,0.0,73.8,4,7.004111767378447
45,7,The Cavaliers,2024-06-30,"Lisle, Illinois",7,14.6,14.4,29.0,14.6,13.6,14.2,21.2,14.3,14.1,14.9,21.65,71.8,0.0,71.85,4,5.054111767378444
46,7,Colts,2024-06-30,"Lisle, Illinois",3,14.0,14.5,28.5,14.1,13.8,14.3,21.1,14.0,13.5,14.7,21.1,70.7,0.0,70.7,4,3.9041117673784527
47,7,Blue Stars,2024-06-30,"Lisle, Illinois",2,14.1,14.2,28.3,14.2,14.0,14.5,21.35,13.7,13.7,14.1,20.75,70.4,0.0,70.4,4,3.6041117673784555
48,7,Madison Scouts,2024-06-30,"Lisle, Illinois",1,13.5,13.7,27.2,13.6,13.3,13.2,20.05,13.5,13.2,13.6,20.15,67.4,0.0,67.4,4,0.6041117673784555
49,7,Colt Cadets,2024-06-30,"Lisle, Illinois",1,10.8,12.0,22.8,11.3,11.7,11.4,17.2,11.5,11.2,12.2,17.45,57.45,0.0,57.45,4,-9.345888232621547
50,8,Blue Devils,2024-06-30,"San Bernardino, California",4,15.5,15.1,30.6,15.5,15.7,15.4,23.3,15.8,15.4,15.6,23.4,77.3,0.0,77.3,4,10.504111767378447
51,8,Santa Clara Vanguard,2024-06-30,"San Bernardino, California",1,14.7,14.3,29.0,14.7,14.8,14.8,22.15,14.6,14.7,15.5,22.4,73.55,0.0,73.55,4,6.754111767378447
52,8,Mandarins,2024-06-30,"San Bernardino, California",3,14.8,14.4,29.2,14.6,15.1,14.6,22.15,14.3,14.4,14.5,21.6,72.95,0.0,72.95,4,6.154111767378453
53,8,Pacific Crest,2024-06-30,"San Bernardino, California",2,12.7,12.2,24.9,13.2,12.7,12.9,19.4,13.1,12.6,13.7,19.7,64.0,0.0,64.0,4,-2.79588823262155
54,8,Blue Devils B,2024-06-30,"San Bernardino, California",4,12.6,12.7,25.3,12.9,13.0,12.5,19.2,12.6,13.2,12.9,19.35,63.85,0.0,63.85,4,-2.9458882326215488
55,8,Gold,2024-06-30,"San Bernardino, California",5,11.9,11.9,23.8,11.9,11.9,12.0,17.9,12.4,12.2,12.5,18.55,60.25,0.0,60.25,4,-6.54588823262155
56,8,Impulse,2024-06-30,"San Bernardino, California",2,10.6,9.8,20.4,10.6,10.2,10.9,15.85,10.3,9.5,10.2,15.0,51.25,0.0,51.25,4,-15.54588823262155
57,8,Vessel,2024-06-30,"San Bernardino, California",1,10.1,10.2,20.3,10.4,9.9,10.1,15.2,9.5,10.3,11.3,15.55,51.05,0.0,51.05,4,-15.745888232621553
58,8,Blue Devils C,2024-06-30,"San Bernardino, California",3,9.3,9.2,18.5,9.6,9.3,9.7,14.3,9.2,9.0,9.6,13.9,46.7,0.0,46.7,4,-20.095888232621547
59,9,Bluecoats,2024-07-02,"Mason, OH",4,16.3,15.9,32.2,15.4,15.5,15.7,23.3,15.3,15.6,15.6,23.25,78.75,0.0,78.75,6,10.715808173021301
60,9,Boston Crusaders,2024-07-02,"Mason, OH",2,16.1,15.7,31.8,15.8,15.2,15.8,23.4,15.4,15.4,15.7,23.25,78.45,0.0,78.45,6,10.415808173021304
61,9,Carolina Crown,2024-07-02,"Mason, OH",3,15.8,15.5,31.3,15.6,15.1,15.5,23.1,15.8,15.8,15.5,23.55,77.95,0.0,77.95,6,9.915808173021304
62,9,Phantom Regiment,2024-07-02,"Mason, OH",1,15.6,15.0,30.6,15.2,14.7,15.2,22.55,14.8,15.1,15.0,22.45,75.6,0.0,75.6,6,7.565808173021296
63,9,Cincinnati Tradition,2024-07-02,"Mason, OH",1,14.9,15.1,30.0,15.3,14.7,15.0,22.5,15.1,14.9,14.9,22.45,74.95,0.0,74.95,6,6.915808173021304
64,10,The Cavaliers,2024-07-03,"Cedarburg, Wisconsin",4,15.1,14.9,30.0,14.6,15.5,14.8,22.45,14.9,14.7,15.6,22.6,75.05,0.0,75.05,7,6.39665637584271
65,10,Blue Stars,2024-07-03,"Cedarburg, Wisconsin",2,14.5,14.4,28.9,15.1,15.1,15.0,22.6,14.7,14.5,14.5,21.85,73.35,0.0,73.35,7,4.696656375842707
66,10,Colts,2024-07-03,"Cedarburg, Wisconsin",3,14.6,14.7,29.3,14.7,14.8,14.9,22.2,14.2,14.3,14.8,21.65,73.15,0.0,73.15,7,4.4966563758427185
67,10,Madison Scouts,2024-07-03,"Cedarburg, Wisconsin",1,14.2,14.1,28.3,14.3,14.5,13.8,21.3,13.9,14.1,13.2,20.6,70.2,0.0,70.2,7,1.5466563758427156
68,10,Colt Cadets,2024-07-03,"Cedarburg, Wisconsin",1,11.8,11.8,23.6,11.1,10.9,11.4,16.7,11.0,11.4,10.5,16.45,56.75,0.0,56.75,7,-11.903343624157287
69,11,Blue Devils,2024-07-05,"Clovis, California",5,16.0,16.3,32.3,16.3,16.2,15.8,24.15,16.1,16.2,16.0,24.15,80.6,0.0,80.6,9,10.708352781485544
70,11,Mandarins,2024-07-05,"Clovis, California",4,15.1,15.6,30.7,15.5,15.4,15.3,23.1,14.9,15.5,15.2,22.8,76.6,0.0,76.6,9,6.708352781485544
71,11,Santa Clara Vanguard,2024-07-05,"Clovis, California",1,14.8,15.2,30.0,15.4,14.9,15.1,22.7,14.7,15.6,16.1,23.2,75.9,0.0,75.9,9,6.008352781485556
72,11,Pacific Crest,2024-07-05,"Clovis, California",3,13.3,13.1,26.4,14.0,13.0,14.0,20.5,14.2,14.7,14.6,21.75,68.65,0.0,68.65,9,-1.2416472185144443
73,11,The Academy,2024-07-05,"Clovis, California",2,12.4,12.1,24.5,13.9,13.9,12.5,20.15,13.6,14.2,13.9,20.85,65.5,0.0,65.5,9,-4.39164721851445
74,12,Troopers,2024-07-05,"Portland, Oregon",2,14.2,14.4,28.6,14.0,14.4,13.6,21.0,14.9,14.1,14.7,21.85,71.45,0.0,71.45,9,1.558352781485553
75,12,Blue Knights,2024-07-05,"Portland, Oregon",1,13.8,13.9,27.7,14.5,14.2,14.0,21.35,13.7,13.6,13.8,20.55,69.6,0.0,69.6,9,-0.29164721851445563
76,12,Seattle Cascades,2024-07-05,"Portland, Oregon",3,12.2,12.5,24.7,13.3,12.0,10.8,18.05,12.5,12.8,12.5,18.9,61.65,0.0,61.65,9,-8.241647218514451
77,13,Phantom Regiment,2024-07-05,"Rockford, Illinois",4,15.7,15.3,31.0,15.6,15.6,15.4,23.3,15.3,15.3,15.8,23.2,77.5,0.0,77.5,9,7.60835278148555
78,13,The Cavaliers,2024-07-05,"Rockford, Illinois",3,15.0,15.0,30.0,15.0,15.2,15.3,22.75,15.0,15.3,16.0,23.15,75.9,0.0,75.9,9,6.008352781485556
79,13,Blue Stars,2024-07-05,"Rockford, Illinois",2,14.5,14.7,29.2,14.8,14.9,15.0,22.35,14.9,15.0,15.2,22.55,74.1,0.0,74.1,9,4.208352781485544
80,13,Madison Scouts,2024-07-05,"Rockford, Illinois",1,14.4,14.4,28.8,14.3,14.3,14.0,21.3,14.5,14.2,13.8,21.25,71.35,0.0,71.35,9,1.4583527814855444
81,13,River City Rhythm,2024-07-05,"Rockford, Illinois",1,12.5,12.5,25.0,12.6,12.8,10.9,18.15,12.1,13.1,11.7,18.45,61.6,0.0,61.6,9,-8.291647218514449
82,13,Colt Cadets,2024-07-05,"Rockford, Illinois",2,12.1,11.9,24.0,11.8,11.9,11.3,17.5,11.7,12.1,11.8,17.8,59.3,0.0,59.3,9,-10.591647218514453
83,14,Blue Devils,2024-07-06,"Stanford, California",5,16.6,16.2,32.8,16.0,16.2,15.7,23.95,16.2,16.7,16.2,24.55,81.3,0.0,81.3,10,10.789200984306973
84,14,Mandarins,2024-07-06,"Stanford, California",4,15.6,15.2,30.8,15.0,15.2,15.1,22.65,15.6,15.8,14.9,23.15,76.6,0.0,76.6,10,6.08920098430697
85,14,Santa Clara Vanguard,2024-07-06,"Stanford, California",1,15.1,15.1,30.2,14.7,15.1,14.6,22.2,15.4,16.0,16.0,23.7,76.1,0.0,76.1,10,5.58920098430697
86,14,Pacific Crest,2024-07-06,"Stanford, California",3,14.5,13.7,28.2,14.1,13.8,13.4,20.65,14.5,14.6,14.6,21.85,70.7,0.0,70.7,10,0.18920098430697863
87,14,The Academy,2024-07-06,"Stanford, California",2,14.1,13.0,27.1,12.4,13.0,12.6,19.0,13.9,14.4,14.0,21.15,67.25,0.0,67.25,10,-3.260799015693024
88,14,Blue Devils B,2024-07-06,"Stanford, California",5,13.0,13.4,26.4,12.3,13.8,12.2,19.15,14.0,13.0,13.9,20.45,66.0,0.0,66.0,10,-4.510799015693024
89,14,Gold,2024-07-06,"Stanford, California",4,12.2,12.9,25.1,11.9,13.4,12.0,18.65,13.2,12.5,13.3,19.5,63.25,0.0,63.25,10,-7.260799015693024
90,14,Impulse,2024-07-06,"Stanford, California",1,11.6,12.3,23.9,10.9,12.5,11.2,17.3,11.6,11.1,11.7,17.2,58.4,0.0,58.4,10,-12.110799015693026
91,14,Golden Empire,2024-07-06,"Stanford, California",3,11.0,12.0,23.0,11.1,12.0,10.6,16.85,11.7,11.4,11.5,17.3,57.15,0.0,57.15,10,-13.360799015693026
92,14,Vessel,2024-07-06,"Stanford, California",2,11.5,11.4,22.9,11.0,10.7,10.5,16.1,11.2,11.6,11.1,16.95,55.95,0.0,55.95,10,-14.560799015693021
93,14,Blue Devils C,2024-07-06,"Stanford, California",6,11.2,10.7,21.9,10.0,11.1,9.4,15.25,10.2,10.3,9.8,15.15,52.3,0.0,52.3,10,-18.210799015693027
94,15,Troopers,2024-07-06,"Seattle, Washington",1,14.6,14.9,29.5,14.5,14.0,14.3,21.4,14.6,14.7,14.7,22.0,72.9,0.0,72.9,10,2.3892009843069815
95,15,Blue Knights,2024-07-06,"Seattle, Washington",2,14.2,15.0,29.2,15.0,14.3,14.6,21.95,14.0,14.0,14.2,21.1,72.25,0.0,72.25,10,1.7392009843069758
96,15,Seattle Cascades,2024-07-06,"Seattle, Washington",3,12.3,12.7,25.0,12.6,11.0,11.1,17.35,12.3,12.9,13.4,19.3,61.65,0.0,61.65,10,-8.860799015693026
97,15,Columbians,2024-07-06,"Seattle, Washington",1,13.1,13.7,26.8,12.8,12.2,13.3,19.15,11.9,13.6,12.5,19.0,64.95,0.0,64.95,10,-5.560799015693021
98,16,Bluecoats,2024-07-06,"Whitewater, Wisconsin",4,16.4,16.6,33.0,16.1,16.4,16.5,24.5,15.9,16.4,16.5,24.4,81.9,0.0,81.9,10,11.389200984306981
99,16,Phantom Regiment,2024-07-06,"Whitewater, Wisconsin",2,15.9,15.8,31.7,15.8,15.9,15.8,23.75,15.4,16.0,16.0,23.7,79.15,0.0,79.15,10,8.639200984306981
100,16,The Cavaliers,2024-07-06,"Whitewater, Wisconsin",1,15.4,15.2,30.6,15.5,15.5,15.4,23.2,14.9,15.4,16.4,23.35,77.15,0.0,77.15,10,6.6392009843069815
101,16,Colts,2024-07-06,"Whitewater, Wisconsin",3,15.3,15.1,30.4,14.8,15.3,15.3,22.7,14.6,15.2,15.7,22.75,75.85,0.0,75.85,10,5.33920098430697
102,16,Madison Scouts,2024-07-06,"Whitewater, Wisconsin",5,14.5,14.7,29.2,14.2,14.7,14.2,21.55,14.2,14.5,14.8,21.75,72.5,0.0,72.5,10,1.9892009843069758
103,16,Colt Cadets,2024-07-06,"Whitewater, Wisconsin",1,12.3,12.1,24.4,12.2,12.3,11.5,18.0,11.2,12.4,13.9,18.75,61.15,0.0,61.15,10,-9.360799015693026
104,16,Rogues Hollow Regiment,2024-07-06,"Whitewater, Wisconsin",1,15.2,14.7,29.9,14.4,15.1,14.4,21.95,14.0,14.2,13.5,20.85,72.7,0.0,72.7,10,2.1892009843069786
105,17,Bluecoats,2024-07-07,"LaCrosse, Wisconsin",4,16.6,17.3,33.9,16.4,16.5,16.5,24.7,16.5,16.5,16.6,24.8,83.4,0.0,83.4,11,12.270049187128407
106,17,Phantom Regiment,2024-07-07,"LaCrosse, Wisconsin",2,15.8,16.9,32.7,16.0,16.1,16.1,24.1,15.6,16.1,16.0,23.85,80.65,0.0,80.65,11,9.520049187128407
107,17,Colts,2024-07-07,"LaCrosse, Wisconsin",3,15.0,16.0,31.0,14.8,15.6,15.2,22.8,14.7,15.4,15.6,22.85,76.65,0.0,76.65,11,5.520049187128407
108,17,Blue Stars,2024-07-07,"LaCrosse, Wisconsin",5,14.7,15.2,29.9,15.1,15.3,15.3,22.85,15.3,15.0,15.3,22.8,75.55,0.0,75.55,11,4.420049187128399
109,17,Madison Scouts,2024-07-07,"LaCrosse, Wisconsin",1,14.8,14.7,29.5,14.5,14.8,14.5,21.9,14.3,14.7,14.5,21.75,73.15,0.0,73.15,11,2.020049187128407
110,17,River City Rhythm,2024-07-07,"LaCrosse, Wisconsin",1,12.4,12.2,24.6,13.1,12.5,11.9,18.75,12.4,12.8,12.3,18.75,62.1,0.0,62.1,11,-9.029950812871597
111,18,Blue Devils,2024-07-07,"Sacramento, California",4,16.5,16.4,32.9,16.2,16.8,16.0,24.5,16.5,16.4,16.4,24.65,82.05,0.0,82.05,11,10.920049187128399
112,18,Mandarins,2024-07-07,"Sacramento, California",5,16.1,16.0,32.1,15.4,15.8,15.0,23.1,15.9,15.5,15.0,23.2,78.4,0.0,78.4,11,7.270049187128407
113,18,Santa Clara Vanguard,2024-07-07,"Sacramento, California",1,15.4,15.8,31.2,15.6,15.4,14.5,22.75,15.7,15.3,16.1,23.55,77.5,0.0,77.5,11,6.3700491871284015
114,18,Pacific Crest,2024-07-07,"Sacramento, California",2,13.9,14.8,28.7,13.3,14.8,13.2,20.65,14.7,14.0,14.7,21.7,71.05,0.0,71.05,11,-0.07995081287160133
115,18,The Academy,2024-07-07,"Sacramento, California",3,13.4,14.4,27.8,12.5,14.5,12.6,19.8,14.1,13.5,13.9,20.75,68.35,0.0,68.35,11,-2.779950812871604
116,18,Blue Devils B,2024-07-07,"Sacramento, California",5,14.1,14.2,28.3,12.9,13.6,12.6,19.55,12.8,13.7,14.0,20.25,68.1,0.0,68.1,11,-3.029950812871604
117,18,Gold,2024-07-07,"Sacramento, California",4,13.8,13.3,27.1,12.2,12.9,12.0,18.55,12.3,13.0,13.5,19.4,65.05,0.0,65.05,11,-6.079950812871601
118,18,Impulse,2024-07-07,"Sacramento, California",1,13.2,11.9,25.1,10.6,12.0,11.2,16.9,10.8,11.8,11.6,17.1,59.1,0.0,59.1,11,-12.029950812871597
119,18,Golden Empire,2024-07-07,"Sacramento, California",3,11.8,11.6,23.4,11.1,12.4,11.0,17.25,11.3,12.4,11.5,17.6,58.25,0.0,58.25,11,-12.879950812871598
120,18,Blue Devils C,2024-07-07,"Sacramento, California",2,11.0,10.4,21.4,9.3,11.3,10.0,15.3,10.2,10.7,10.2,15.55,52.25,0.0,52.25,11,-18.8799508128716
121,19,Troopers,2024-07-08,"Kennewick, Washington",3,15.0,15.1,30.1,14.9,15.3,15.0,22.6,15.5,14.9,15.7,23.05,75.75,0.0,75.75,12,4.000897389949813
122,19,Blue Knights,2024-07-08,"Kennewick, Washington",2,14.9,14.8,29.7,15.2,15.0,15.1,22.65,14.6,14.7,14.8,22.05,74.4,0.0,74.4,12,2.6508973899498187
123,19,Seattle Cascades,2024-07-08,"Kennewick, Washington",1,12.8,12.9,25.7,13.3,12.0,11.0,18.15,12.7,12.7,13.2,19.3,63.15,0.0,63.15,12,-8.599102610050188
124,19,Columbians,2024-07-08,"Kennewick, Washington",1,12.9,13.0,25.9,13.2,13.4,13.0,19.8,12.3,12.9,12.6,18.9,64.6,0.0,64.6,12,-7.149102610050193
125,20,Carolina Crown,2024-07-08,"Sevierville, Tennessee",4,16.6,16.7,33.3,16.7,16.5,16.5,24.85,16.2,18.0,16.4,25.3,83.45,0.0,83.45,12,11.700897389949816
126,20,Crossmen,2024-07-08,"Sevierville, Tennessee",3,14.9,15.3,30.2,14.7,14.8,14.5,22.0,14.7,14.7,15.5,22.45,74.65,0.0,74.65,12,2.9008973899498187
127,20,Spirit of Atlanta,2024-07-08,"Sevierville, Tennessee",2,14.4,14.4,28.8,14.4,14.3,14.2,21.45,14.1,13.4,14.4,20.95,71.2,0.0,71.2,12,-0.5491026100501841
128,20,Music City,2024-07-08,"Sevierville, Tennessee",1,14.0,14.1,28.1,14.8,14.2,13.7,21.35,13.3,13.6,14.1,20.5,69.95,0.0,69.95,12,-1.7991026100501841
129,20,Spartans,2024-07-08,"Sevierville, Tennessee",1,13.7,13.6,27.3,13.6,13.0,12.4,19.5,12.4,13.8,13.7,19.95,66.75,0.0,66.75,12,-4.999102610050187
130,21,Mandarins,2024-07-09,"Boise, Idaho",3,16.3,16.1,32.4,15.9,16.3,16.0,24.1,16.5,15.9,14.6,23.5,80.0,0.0,80.0,13,7.631745592771239
131,21,Troopers,2024-07-09,"Boise, Idaho",2,15.0,15.2,30.2,14.7,15.1,14.9,22.35,15.8,15.0,14.5,22.65,75.2,0.0,75.2,13,2.8317455927712416
132,21,Blue Knights,2024-07-09,"Boise, Idaho",1,14.9,14.9,29.8,14.6,15.3,14.1,22.0,15.0,14.8,13.6,21.7,73.5,0.0,73.5,13,1.1317455927712388
133,21,Seattle Cascades,2024-07-09,"Boise, Idaho",4,13.1,12.9,26.0,12.2,13.0,13.5,19.35,13.1,12.9,12.9,19.45,64.8,0.0,64.8,13,-7.568254407228764
134,22,Phantom Regiment,2024-07-09,"Mankto, Minnesota",3,16.3,16.4,32.7,16.1,16.6,16.5,24.6,15.8,16.3,16.1,24.1,81.4,0.0,81.4,13,9.031745592771244
135,22,Colts,2024-07-09,"Mankto, Minnesota",2,15.7,15.1,30.8,15.0,16.0,15.6,23.3,14.7,15.5,15.5,22.85,76.95,0.0,76.95,13,4.581745592771242
136,22,Madison Scouts,2024-07-09,"Mankto, Minnesota",1,15.3,14.8,30.1,14.8,15.5,14.8,22.55,14.6,15.1,14.9,22.3,74.95,0.0,74.95,13,2.5817455927712416
137,22,River City Rhythm,2024-07-09,"Mankto, Minnesota",2,14.0,13.2,27.2,13.1,12.8,13.1,19.5,12.9,14.3,12.7,19.95,66.65,0.0,66.65,13,-5.7182544072287556
138,22,Colt Cadets,2024-07-09,"Mankto, Minnesota",1,12.1,12.5,24.6,12.6,12.2,12.3,18.55,12.3,12.5,11.1,17.95,61.1,0.0,61.1,13,-11.26825440722876
139,22,Govenaires,2024-07-09,"Mankto, Minnesota",1,13.6,14.6,28.2,13.7,13.6,13.8,20.55,13.5,13.6,13.5,20.3,69.05,0.0,69.05,13,-3.318254407228764
140,23,Boston Crusaders,2024-07-09,"Newnan, Georgia",3,17.0,17.0,34.0,16.9,16.7,17.1,25.35,16.5,17.6,17.0,25.5,84.9,0.0,84.9,13,12.531745592771244
141,23,Crossmen,2024-07-09,"Newnan, Georgia",2,15.4,15.5,30.9,15.0,15.0,14.7,22.35,14.7,14.7,16.1,22.75,76.0,0.0,76.0,13,3.6317455927712388
142,23,Spirit of Atlanta,2024-07-09,"Newnan, Georgia",4,14.6,14.4,29.0,14.5,14.4,14.3,21.6,14.6,13.2,15.4,21.6,72.2,0.0,72.2,13,-0.1682544072287584
143,23,Music City,2024-07-09,"Newnan, Georgia",1,14.2,14.2,28.4,14.7,14.1,13.9,21.35,13.8,13.7,15.5,21.5,71.25,0.0,71.25,13,-1.1182544072287612
144,23,Spartans,2024-07-09,"Newnan, Georgia",1,13.9,13.9,27.8,13.7,13.1,13.2,20.0,13.0,14.2,14.5,20.85,68.65,0.0,68.65,13,-3.7182544072287556
145,23,Atlanta CV,2024-07-09,"Newnan, Georgia",1,15.5,15.0,30.5,15.8,15.3,15.2,23.15,16.2,15.4,14.4,23.0,76.65,0.0,76.65,13,4.2817455927712444
